2026-04-01,A 194 14989373 0 TLC 111-065 136672 12:43 OBE084,136672,-6623.51
2026-04-01,PROV TLC 46 TLC 111-065 763807 20:25 OBE897,763807,-6310.48
2026-04-01,A 191 04332178 0 TLC 111-065 137156 12:43 OBE242,137156,-5000.00
2026-04-01,REPUBLICADECOLOMBIA POS 111-014 939661 10:19 TBSA58,939661,-2.29
2026-04-01,A 191 34107502 0 TLC 111-065 391561 20:25 OBE394,391561,-1246.60
2026-04-01,TRAN.CTAS.PROP.BM ¥ BPI 111-023 951112 12:31 BMOD13,951112,-50.00
2026-04-01,A 191 37083503 0 TLC 111-065 390113 20:25 OBE911,390113,-10000.00
2026-04-01,PROV TLC 45 TLC 111-065 763812 20:25 OBE898,763812,-11297.32
2026-04-01,A 194 95667102 0 TLC 111-065 038943 10:05 OBE858,038943,-4000.00
2026-04-03,IMPUESTO ITF INT -,"",-2.15
2026-04-04,IZI*LAGUNILLA POS 111-014 651252 16:41 TBRA04,651252,-572.00
2026-04-06,MING YIN RESTAURANTE POS 111-014 113712 14:08 TBRA25,113712,-397.00
2026-04-06,A 193 7223401 0 TLC 111-065 065638 11:19 OBEC14,065638,-1000.00
2026-04-06,A 191 8591581 0 TLC 111-065 067594 11:19 OBE129,067594,-1500.00
2026-04-06,A 193 31904784 0 TLC 111-065 065149 11:19 OBE915,065149,-3190.00
2026-04-07,DE CONSTRUCTORA Y CONS TLC 111-065 278254 18:25 OBE241,278254,5982.65
2026-04-07,DE CONSTRUCTORA Y CONS TLC 111-065 276812 18:25 OBE917,276812,6082.31
2026-04-07,DE CONSTRUCTORA Y CONS TLC 111-065 279664 18:25 OBED90,279664,24898.00
2026-04-07,A 191 93686645 0 TLC 111-065 267413 18:01 OBEB69,267413,-1900.00
2026-04-07,A 194 95667102 0 TLC 111-065 058402 10:53 OBE644,058402,-5000.00
2026-04-07,IMPUESTO ITF INT -,"",-2.05
2026-04-08,PAGO000359226008 BPI 111-023 543743 10:52 BMOD23,543743,-608.03
2026-04-08,TRAN.CTAS.TERC.HK BPI 111-023 059183 17:25 HBK91R,059183,-700.00
2026-04-09,TRANFERENCIA CCE TLC 111-065 012668 14:09 OBE979,012668,-510.50
2026-04-09,A 395 96927641 0 TLC 111-065 172854 15:30 OBEA50,172854,-855.00
2026-04-09,A 395 7115616 0 TLC 111-065 245623 17:38 OBE342,245623,-1000.00
2026-04-09,A 395 00071831 0 TLC 111-065 144918 14:25 OBEB26,144918,-2146.00
2026-04-09,TRANFERENCIA CCE TLC 111-065 022668 17:38 OBE452,022668,-2623.81
2026-04-09,A 194 95667102 0 TLC 111-065 172790 15:29 OBEE70,172790,-5000.00
2026-04-10,TRANFERENCIA CCE TLC 111-065 026959 17:21 OBE334,026959,-4354.30
2026-04-10,COM.CCE PRO 000048 VEN 111-065 295849 17:21 OBE897,000048,-3.50
2026-04-10,COM.CCE PRO 000047 VEN 111-065 295843 17:21 OBE899,000047,-17.50
2026-04-10,A 245 08678023 0 TLC 111-065 295778 17:21 OBE738,295778,-94.40
2026-04-10,A 191 73524475 0 TLC 111-065 292434 17:21 OBE595,292434,-150.00
2026-04-10,A 560 9950230 0 TLC 111-065 292894 17:21 OBED00,292894,-600.00
2026-04-10,TRAN.CTAS.TERC.BM BPI 111-023 908214 09:15 BMOA13,908214,-1141.10
2026-04-10,TRAN.CTAS.TERC.BM BPI 111-023 927335 09:16 BMOD32,927335,-1370.50
2026-04-10,PROV TLC 48 TLC 111-065 295844 17:21 OBE897,295844,-2770.83
2026-04-10,A 191 93686645 0 TLC 111-065 293872 17:21 OBE628,293872,-6491.67
2026-04-10,PROV TLC 47 TLC 111-065 295831 17:21 OBE899,295831,-7293.34
2026-04-10,IMPUESTO ITF INT -,"",-1.05
2026-04-12,E S MIRAFLORES POS 111-014 367392 09:49 TBRA57,367392,-311.08
2026-04-13,A 194 28235128 0 TLC 111-065 102963 12:41 OBEC29,102963,-68.00
2026-04-13,A 194 28235128 0 TLC 111-065 037462 10:31 OBE114,037462,-130.00
2026-04-13,PAGO000360751149 BPI 111-023 856768 14:17 BMO756,856768,-191.63
2026-04-13,A 191 2639058 0 TLC 111-065 103479 12:41 OBE713,103479,-270.00
2026-04-13,A 191 93686645 0 TLC 111-065 038958 10:31 OBE474,038958,-2054.17
2026-04-13,A 191 97542031 0 TLC 111-065 036982 10:31 OBED01,036982,-12700.00
2026-04-14,COM.CCE PRO 000050 VEN 111-065 928732 17:56 OBE898,000050,-10.50
2026-04-14,PROV TLC 50 TLC 111-065 928722 17:56 OBE898,928722,-1430.00
2026-04-14,A 191 04332178 0 TLC 111-065 247622 17:56 OBE081,247622,-168.00
2026-04-14,A 191 14821345 0 TLC 111-065 038008 10:11 OBE462,038008,-1516.41
2026-04-15,LP LATAM XP POS 111-014 778362 13:45 TBRA02,778362,-8.40
2026-04-15,MANT TD ADIC NEG ¥ INT 373-000 963784,963784,-10.00
2026-04-15,LP LATAM XP POS 111-014 193630 13:41 TBQA27,193630,-596.78
2026-04-15,LP LATAM XP POS 111-014 232001 13:28 TBSA66,232001,-68.81
2026-04-16,IMPUESTO ITF INT -,"",-1.20
2026-04-16,A 395 7312907 0 TLC 111-065 076937 11:39 OBE951,076937,-1428.00
2026-04-16,DE CONSTRUCTORA Y CONS TLC 111-065 240989 17:33 OBEA52,240989,23010.00
2026-04-16,PROV TLC 51 TLC 111-065 938178 11:39 OBE897,938178,-950.00
2026-04-16,COM.CCE PRO 000051 VEN 111-065 938182 11:39 OBE897,000051,-3.50
2026-04-17,A 191 2342105 0 TLC 111-065 089286 11:35 OBE175,089286,-1440.00
2026-04-17,A 193 34662948 0 TLC 111-065 091739 11:35 OBEE24,091739,-200.00
2026-04-17,A 193 31904784 0 TLC 111-065 105904 12:02 OBE291,105904,-360.00
2026-04-17,A 193 38858288 0 TLC 111-065 247295 16:21 OBE992,247295,-1326.00
2026-04-17,TRANFERENCIA CCE TLC 111-065 008023 11:35 OBEB51,008023,-1511.00
2026-04-17,A 191 04332178 0 TLC 111-065 246714 16:20 OBE402,246714,-4000.00
2026-04-17,A 395 7306189 0 TLC 111-065 107852 12:02 OBEA07,107852,-11900.00
2026-04-18,DIST020610639764 BPI 111-023 431326 13:04 BMO712,431326,-575.68
2026-04-18,PROV TLC 54 TLC 111-065 053397 08:50 OBE898,053397,-2991.66
2026-04-18,A 191 14821345 0 TLC 111-065 005845 08:50 OBEA84,005845,-5000.00
2026-04-18,PROV TLC 55 TLC 111-065 053380 08:50 OBE897,053380,-6808.33
2026-04-18,A 191 93686645 0 TLC 111-065 004844 08:50 OBE063,004844,-7045.83
2026-04-18,A 395 02549148 0 TLC 111-065 004338 08:50 OBEC05,004338,-1264.00
2026-04-18,COM.CCE PRO 000054 VEN 111-065 053402 08:50 OBE898,000054,-7.00
2026-04-18,COM.CCE PRO 000055 VEN 111-065 053394 08:50 OBE897,000055,-14.00
2026-04-19,IMPUESTO ITF INT -,"",-1.05
2026-04-20,SAFT000000670714 BPI 111-023 521346 15:27 BMOD72,521346,-212.40
2026-04-20,A 395 93850028 0 TLC 111-065 144627 14:36 OBE342,144627,-882.20
2026-04-20,A 191 2342105 0 TLC 111-065 210686 16:52 OBE135,210686,-1188.00
2026-04-20,A 191 93686645 0 TLC 111-065 208872 16:53 OBE634,208872,-1319.50
2026-04-20,SUNA004758118474 TLC 111-065 147554 14:36 OBE600,147554,-1547.00
2026-04-20,A 395 93850028 0 TLC 111-065 145572 14:36 OBEC74,145572,-3477.30
2026-04-20,SUNA004758102420 TLC 111-065 145101 14:36 OBE666,145101,-129.00
2026-04-20,SAFT000000670688 BPI 111-023 534415 15:28 BMO848,534415,-94.40
2026-04-21,IMPUESTO ITF INT -,"",-2.80
2026-04-21,SUNA004763495669 TLC 111-065 235075 17:42 OBEC66,235075,-4583.00
2026-04-21,A 191 77783789 0 TLC 111-065 235076 17:42 OBE462,235076,-1500.00
2026-04-21,TRAN.CTAS.TERC.BM BPI 111-023 408397 12:59 BMO471,408397,-1300.00
2026-04-21,SUNA004756232521 TLC 111-065 235565 17:42 OBE549,235565,-373.00
2026-04-21,A 395 93850028 0 TLC 111-065 030803 10:07 OBE771,030803,-278.70
2026-04-21,TRANSF.BCO.SCOTIABANK VEN 111-054 103078 14:34 IR00C2,103078,20000.00
2026-04-21,TRANSF.BCO.SCOTIABANK VEN 111-054 092745 14:32 IR00A6,092745,30000.00
2026-04-22,A 395 07095314 0 TLC 111-065 121085 13:22 OBEC13,121085,-9400.00
2026-04-22,IMPUESTO ITF INT -,"",-11.00
2026-04-22,TRANSF.BCO.SCOTIABANK VEN 111-054 844979 10:25 IR0023,844979,20000.00
2026-04-22,TRANSF.BCO.SCOTIABANK VEN 111-054 844888 10:25 IR00J1,844888,30000.00
2026-04-22,TRANSF.BCO.SCOTIABANK VEN 111-054 844878 10:25 IR00D1,844878,30000.00
2026-04-22,TRANSF.BCO.SCOTIABANK VEN 111-054 844895 10:25 IR0061,844895,30000.00
2026-04-22,TRANSF.BCO.SCOTIABANK VEN 111-054 844869 10:25 IR00H2,844869,30000.00
2026-04-22,TRANSF.BCO.SCOTIABANK VEN 111-054 844881 10:25 IR00H3,844881,30000.00
2026-04-22,TRANSF.BCO.SCOTIABANK VEN 111-054 844871 10:25 IR0087,844871,30000.00
2026-04-22,TRAN.CEL.BM. BPI 111-023 144821 17:34 BMOA95,144821,-600.00
2026-04-22,A 395 05052897 0 TLC 111-065 122547 13:22 OBE042,122547,-1450.00
2026-04-22,A 395 93850028 0 TLC 111-065 135118 14:15 OBE604,135118,-2170.90
2026-04-22,A 395 93850028 0 TLC 111-065 122078 13:22 OBEA64,122078,-8350.00
2026-04-23,COM.CCE PRO 000056 VEN 111-065 131936 16:51 OBE898,000056,-7.00
2026-04-23,TRANSF.BCO.SCOTIABANK VEN 111-054 009397 14:20 IR00D4,009397,20000.00
2026-04-23,TRANSF.BCO.SCOTIABANK VEN 111-054 009311 14:20 IR0073,009311,30000.00
2026-04-23,PROM020610639764 TLC 111-065 200740 16:33 OBED90,200740,-208263.55
2026-04-23,IMPUESTO ITF INT -,"",-14.80
2026-04-23,A 193 93006244 0 TLC 111-065 209997 16:51 OBEE06,209997,-212.50
2026-04-23,A 193 93006244 0 TLC 111-065 210494 16:51 OBE859,210494,-250.00
2026-04-23,A 193 93006244 0 TLC 111-065 048350 10:46 OBE833,048350,-280.00
2026-04-23,A 191 2342105 0 TLC 111-065 051306 10:46 OBE095,051306,-318.00
2026-04-23,A 193 34662948 0 TLC 111-065 213010 16:51 OBE614,213010,-392.00
2026-04-23,A 245 08678023 0 TLC 111-065 092092 12:10 OBE494,092092,-490.00
2026-04-23,PROV TLC 56 TLC 111-065 131930 16:51 OBE898,131930,-660.00
2026-04-23,A 193 93006244 0 TLC 111-065 210495 16:51 OBEE97,210495,-1007.00
2026-04-23,A 191 2342105 0 TLC 111-065 051798 10:46 OBE110,051798,-1188.00
2026-04-23,A 191 2342105 0 TLC 111-065 048842 10:46 OBED85,048842,-1440.00
2026-04-23,A 395 93850028 0 TLC 111-065 211973 16:51 OBEA34,211973,-1607.00
2026-04-23,A 395 16079778 0 TLC 111-065 091484 12:09 OBE039,091484,-1785.00
2026-04-23,A 194 95667102 0 TLC 111-065 210990 16:51 OBE025,210990,-5000.00
2026-04-23,A 395 7306189 0 TLC 111-065 048843 10:46 OBE403,048843,-11550.00
2026-04-23,A 193 1786121 0 TLC 111-065 050825 10:46 OBEE51,050825,-17973.50
2026-04-24,A 318 91084763 0 TLC 111-065 247456 16:23 OBE863,247456,-780.00
2026-04-24,A 194 91835945 0 TLC 111-065 260783 16:43 OBE615,260783,-250.00
2026-04-24,A 395 93850028 0 TLC 111-065 260285 16:43 OBE855,260285,-240.00
2026-04-24,TOTA020610639764 TLC 111-065 245496 16:23 OBE929,245496,-189.00
2026-04-24,COM.CCE PRO 000057 VEN 111-065 762519 16:23 OBE897,000057,-24.50
2026-04-24,COM.CCE PRO 000058 VEN 111-065 762551 16:23 OBE897,000058,-3.50
2026-04-24,TRANSF.BCO.SCOTIABANK VEN 111-054 817010 10:49 IR00C0,817010,30000.00
2026-04-24,TRANSF.BCO.SCOTIABANK VEN 111-054 817015 10:49 IR0097,817015,20000.00
2026-04-24,IMPUESTO ITF INT -,"",-5.10
2026-04-24,A 191 72125823 0 TLC 111-065 041783 10:08 OBEE54,041783,-413.00
2026-04-24,A 192 2324891 0 TLC 111-065 066028 10:49 OBE310,066028,-29028.87
2026-04-24,PROV TLC 57 TLC 111-065 762483 16:23 OBE897,762483,-8012.51
2026-04-24,A 191 93686645 0 TLC 111-065 246977 16:23 OBEB93,246977,-6927.08
2026-04-24,A 191 14940606 0 TLC 111-065 245497 16:23 OBED99,245497,-6000.00
2026-04-24,PROV TLC 58 TLC 111-065 762546 16:23 OBE897,762546,-2783.33
2026-04-24,A 194 33452855 0 TLC 111-065 040803 10:08 OBE263,040803,-1000.00
2026-04-25,TRAN.CEL.BM. BPI 111-023 937068 11:53 BMO109,937068,-200.00
2026-04-27,A 194 95667102 0 TLC 111-065 118104 12:57 OBEC46,118104,-3000.00
2026-04-27,BCO.NACI0000 VEN SUC LIMA 191-000 708938 16:29 RCJN,708938,37394.00
2026-04-27,BCO.NACI0000 VEN SUC LIMA 191-000 708930 16:29 RCJN,708930,37754.63
2026-04-27,GRUPO ABBY POS 111-014 388795 19:42 TBSA52,388795,-104.00
2026-04-27,TOSTAO CAFE GRAU POS 111-014 249446 12:14 TBRA07,249446,-158.00
2026-04-27,A 395 9920373 0 TLC 111-065 119547 12:57 OBE130,119547,-492.50
2026-04-27,A 395 02429443 0 TLC 111-065 118580 12:57 OBE576,118580,-2400.00
2026-04-27,IMPUESTO ITF INT -,"",-3.95
2026-04-28,A 560 9880268 0 TLC 111-065 267500 18:07 OBE123,267500,-4839.05
2026-04-28,TRAN.CTAS.TERC.BM BPI 111-023 781258 08:39 BMOD43,781258,-4468.00
2026-04-28,TRAN.CTAS.TERC.BM BPI 111-023 575364 22:53 BMOE51,575364,-2626.00
2026-04-28,TRAN.CTAS.TERC.BM BPI 111-023 106197 09:35 BMO01C,106197,-1115.00
2026-04-28,IZI*GRAN HOTEL SAN I POS 111-014 616922 22:11 TBRA25,616922,-920.00
2026-04-28,A 193 93006244 0 TLC 111-065 267999 18:07 OBEC24,267999,-440.00
2026-04-28,PETROCENTRO ARIAS SA POS 111-014 656825 09:55 TBSA53,656825,-230.00
2026-04-28,TRAN.CTAS.TERC.BM BPI 111-023 219382 16:53 BMOD26,219382,-200.00
2026-04-28,Junior_s Pollos Y Pa POS 111-014 708715 17:39 TBSA01,708715,-73.00
2026-04-29,TRANFERENCIA CCE TLC 111-065 024744 17:06 OBEC58,024744,-8546.00
2026-04-29,COM.CCE PRO 000059 VEN 111-065 695146 17:06 OBE902,000059,-21.00
2026-04-29,TRANFERENCIA CCE TLC 111-065 025220 17:06 OBE392,025220,-4204.40
2026-04-29,PROV TLC 59 TLC 111-065 695130 17:06 OBE902,695130,-1900.00
2026-04-29,A 395 99901150 0 TLC 111-065 255649 17:06 OBEC36,255649,-4830.00
2026-04-29,ESTACION DE SERVICIO POS 111-014 949933 13:22 TBPA06,949933,-391.99
2026-04-29,A 191 2342105 0 TLC 111-065 253258 17:06 OBE471,253258,-345.00
2026-04-29,TRAN.CEL.BM. BPI 111-023 530008 13:05 BMO861,530008,-111.00
2026-04-29,TRANSF.BCO.INTERBANK BPI 111-023 017562 18:47 BMO992,017562,-54.80
2026-04-29,LICORERIA TORRES POS 111-014 325730 03:38 TBQA24,325730,-42.00
2026-04-30,PROV TLC 65 TLC 111-065 297504 19:22 OBE905,297504,-14061.47
2026-04-30,HABER TLC 61 TLC 111-065 297573 19:23 OBE900,297573,-23909.64
2026-04-30,PROV TLC 60 TLC 111-065 297562 19:22 OBE899,297562,-29506.66
2026-04-30,ENVIO.EST.CTA ¥ INT 194-000 980373,980373,-5.50
2026-04-30,IMPUESTO ITF INT -,"",-6.75
2026-04-30,COM.MANTENIM ¥ INT -,"",-35.00
2026-04-30,DEVOL. PAGO 000066 ¥ INT 111-065 297727 19:23 OBE903,000066,531.25
2026-04-30,TRANSF.BCO.SCOTIABANK VEN 111-054 306695 17:07 IR0017,306695,20000.00
2026-04-30,TRANSF.BCO.SCOTIABANK VEN 111-054 306467 17:07 IR00J6,306467,30000.00
2026-04-30,COM.CCE HAB 000061 VEN 111-065 297732 19:23 OBE900,000061,-1.00
2026-04-30,COM.CCE PRO 000062 VEN 111-065 297449 19:22 OBE899,000062,-2.50
2026-04-30,COM.CCE PRO 000060 VEN 111-065 297762 19:23 OBE899,000060,-2.50
2026-04-30,COM.CCE PRO 000066 VEN 111-065 297729 19:23 OBE903,000066,-24.50
2026-04-30,COM.CCE PRO 000065 VEN 111-065 297770 19:23 OBE905,000065,-45.50
2026-04-30,GRUPO ABBY POS 111-014 851101 14:46 TBSA27,851101,-67.00
2026-04-30,IZI*GRAN HOTEL SAN I POS 111-014 123524 11:28 TBQA49,123524,-606.50
2026-04-30,A 395 97952005 0 TLC 111-065 472236 19:22 OBEA07,472236,-800.00
2026-04-30,A 191 04332178 0 TLC 111-065 474662 19:22 OBEC19,474662,-800.00
2026-04-30,SUNA004780460321 TLC 111-065 473696 19:22 OBE083,473696,-883.00
2026-04-30,PROV TLC 62 TLC 111-065 297437 19:22 OBE899,297437,-2760.00
2026-04-30,A 191 93686645 0 TLC 111-065 474663 19:22 OBE909,474663,-3141.67
2026-04-30,A 395 9920373 0 TLC 111-065 061299 10:26 OBE113,061299,-3535.50
2026-04-30,A 560 9880268 0 TLC 111-065 473200 19:22 OBE285,473200,-5000.00
2026-04-30,PROV TLC 66 TLC 111-065 297523 19:22 OBE903,297523,-6273.96
