iu_codigo,area,anio_mes,valor,resolucion_jefatural,fecha_publicacion
02,lima,2025-06,100.0000,RJ-PLACEHOLDER-2025-06,2025-06-15
02,lima,2025-07,100.4000,RJ-PLACEHOLDER-2025-07,2025-07-15
02,lima,2025-08,100.8016,RJ-PLACEHOLDER-2025-08,2025-08-15
02,lima,2025-09,101.2048,RJ-PLACEHOLDER-2025-09,2025-09-15
02,lima,2025-10,101.6096,RJ-PLACEHOLDER-2025-10,2025-10-15
02,lima,2025-11,102.0161,RJ-PLACEHOLDER-2025-11,2025-11-15
02,lima,2025-12,102.4241,RJ-PLACEHOLDER-2025-12,2025-12-15
02,lima,2026-01,102.8338,RJ-PLACEHOLDER-2026-01,2026-01-15
02,lima,2026-02,103.2452,RJ-PLACEHOLDER-2026-02,2026-02-15
02,lima,2026-03,103.6581,RJ-PLACEHOLDER-2026-03,2026-03-15
02,lima,2026-04,104.0728,RJ-PLACEHOLDER-2026-04,2026-04-15
03,lima,2025-06,100.0000,RJ-PLACEHOLDER-2025-06,2025-06-15
03,lima,2025-07,100.4000,RJ-PLACEHOLDER-2025-07,2025-07-15
03,lima,2025-08,100.8016,RJ-PLACEHOLDER-2025-08,2025-08-15
03,lima,2025-09,101.2048,RJ-PLACEHOLDER-2025-09,2025-09-15
03,lima,2025-10,101.6096,RJ-PLACEHOLDER-2025-10,2025-10-15
03,lima,2025-11,102.0161,RJ-PLACEHOLDER-2025-11,2025-11-15
03,lima,2025-12,102.4241,RJ-PLACEHOLDER-2025-12,2025-12-15
03,lima,2026-01,102.8338,RJ-PLACEHOLDER-2026-01,2026-01-15
03,lima,2026-02,103.2452,RJ-PLACEHOLDER-2026-02,2026-02-15
03,lima,2026-03,103.6581,RJ-PLACEHOLDER-2026-03,2026-03-15
03,lima,2026-04,104.0728,RJ-PLACEHOLDER-2026-04,2026-04-15
05,lima,2025-06,100.0000,RJ-PLACEHOLDER-2025-06,2025-06-15
05,lima,2025-07,100.3500,RJ-PLACEHOLDER-2025-07,2025-07-15
05,lima,2025-08,100.7012,RJ-PLACEHOLDER-2025-08,2025-08-15
05,lima,2025-09,101.0537,RJ-PLACEHOLDER-2025-09,2025-09-15
05,lima,2025-10,101.4074,RJ-PLACEHOLDER-2025-10,2025-10-15
05,lima,2025-11,101.7623,RJ-PLACEHOLDER-2025-11,2025-11-15
05,lima,2025-12,102.1185,RJ-PLACEHOLDER-2025-12,2025-12-15
05,lima,2026-01,102.4759,RJ-PLACEHOLDER-2026-01,2026-01-15
05,lima,2026-02,102.8345,RJ-PLACEHOLDER-2026-02,2026-02-15
05,lima,2026-03,103.1945,RJ-PLACEHOLDER-2026-03,2026-03-15
05,lima,2026-04,103.5556,RJ-PLACEHOLDER-2026-04,2026-04-15
07,lima,2025-06,100.0000,RJ-PLACEHOLDER-2025-06,2025-06-15
07,lima,2025-07,100.4500,RJ-PLACEHOLDER-2025-07,2025-07-15
07,lima,2025-08,100.9020,RJ-PLACEHOLDER-2025-08,2025-08-15
07,lima,2025-09,101.3561,RJ-PLACEHOLDER-2025-09,2025-09-15
07,lima,2025-10,101.8122,RJ-PLACEHOLDER-2025-10,2025-10-15
07,lima,2025-11,102.2703,RJ-PLACEHOLDER-2025-11,2025-11-15
07,lima,2025-12,102.7306,RJ-PLACEHOLDER-2025-12,2025-12-15
07,lima,2026-01,103.1928,RJ-PLACEHOLDER-2026-01,2026-01-15
07,lima,2026-02,103.6572,RJ-PLACEHOLDER-2026-02,2026-02-15
07,lima,2026-03,104.1237,RJ-PLACEHOLDER-2026-03,2026-03-15
07,lima,2026-04,104.5922,RJ-PLACEHOLDER-2026-04,2026-04-15
10,lima,2025-06,100.0000,RJ-PLACEHOLDER-2025-06,2025-06-15
10,lima,2025-07,100.3000,RJ-PLACEHOLDER-2025-07,2025-07-15
10,lima,2025-08,100.6009,RJ-PLACEHOLDER-2025-08,2025-08-15
10,lima,2025-09,100.9027,RJ-PLACEHOLDER-2025-09,2025-09-15
10,lima,2025-10,101.2054,RJ-PLACEHOLDER-2025-10,2025-10-15
10,lima,2025-11,101.5090,RJ-PLACEHOLDER-2025-11,2025-11-15
10,lima,2025-12,101.8136,RJ-PLACEHOLDER-2025-12,2025-12-15
10,lima,2026-01,102.1190,RJ-PLACEHOLDER-2026-01,2026-01-15
10,lima,2026-02,102.4254,RJ-PLACEHOLDER-2026-02,2026-02-15
10,lima,2026-03,102.7326,RJ-PLACEHOLDER-2026-03,2026-03-15
10,lima,2026-04,103.0408,RJ-PLACEHOLDER-2026-04,2026-04-15
12,lima,2025-06,100.0000,RJ-PLACEHOLDER-2025-06,2025-06-15
12,lima,2025-07,100.3500,RJ-PLACEHOLDER-2025-07,2025-07-15
12,lima,2025-08,100.7012,RJ-PLACEHOLDER-2025-08,2025-08-15
12,lima,2025-09,101.0537,RJ-PLACEHOLDER-2025-09,2025-09-15
12,lima,2025-10,101.4074,RJ-PLACEHOLDER-2025-10,2025-10-15
12,lima,2025-11,101.7623,RJ-PLACEHOLDER-2025-11,2025-11-15
12,lima,2025-12,102.1185,RJ-PLACEHOLDER-2025-12,2025-12-15
12,lima,2026-01,102.4759,RJ-PLACEHOLDER-2026-01,2026-01-15
12,lima,2026-02,102.8345,RJ-PLACEHOLDER-2026-02,2026-02-15
12,lima,2026-03,103.1945,RJ-PLACEHOLDER-2026-03,2026-03-15
12,lima,2026-04,103.5556,RJ-PLACEHOLDER-2026-04,2026-04-15
17,lima,2025-06,100.0000,RJ-PLACEHOLDER-2025-06,2025-06-15
17,lima,2025-07,100.3500,RJ-PLACEHOLDER-2025-07,2025-07-15
17,lima,2025-08,100.7012,RJ-PLACEHOLDER-2025-08,2025-08-15
17,lima,2025-09,101.0537,RJ-PLACEHOLDER-2025-09,2025-09-15
17,lima,2025-10,101.4074,RJ-PLACEHOLDER-2025-10,2025-10-15
17,lima,2025-11,101.7623,RJ-PLACEHOLDER-2025-11,2025-11-15
17,lima,2025-12,102.1185,RJ-PLACEHOLDER-2025-12,2025-12-15
17,lima,2026-01,102.4759,RJ-PLACEHOLDER-2026-01,2026-01-15
17,lima,2026-02,102.8345,RJ-PLACEHOLDER-2026-02,2026-02-15
17,lima,2026-03,103.1945,RJ-PLACEHOLDER-2026-03,2026-03-15
17,lima,2026-04,103.5556,RJ-PLACEHOLDER-2026-04,2026-04-15
21,lima,2025-06,100.0000,RJ-PLACEHOLDER-2025-06,2025-06-15
21,lima,2025-07,100.3500,RJ-PLACEHOLDER-2025-07,2025-07-15
21,lima,2025-08,100.7012,RJ-PLACEHOLDER-2025-08,2025-08-15
21,lima,2025-09,101.0537,RJ-PLACEHOLDER-2025-09,2025-09-15
21,lima,2025-10,101.4074,RJ-PLACEHOLDER-2025-10,2025-10-15
21,lima,2025-11,101.7623,RJ-PLACEHOLDER-2025-11,2025-11-15
21,lima,2025-12,102.1185,RJ-PLACEHOLDER-2025-12,2025-12-15
21,lima,2026-01,102.4759,RJ-PLACEHOLDER-2026-01,2026-01-15
21,lima,2026-02,102.8345,RJ-PLACEHOLDER-2026-02,2026-02-15
21,lima,2026-03,103.1945,RJ-PLACEHOLDER-2026-03,2026-03-15
21,lima,2026-04,103.5556,RJ-PLACEHOLDER-2026-04,2026-04-15
24,lima,2025-06,100.0000,RJ-PLACEHOLDER-2025-06,2025-06-15
24,lima,2025-07,100.3000,RJ-PLACEHOLDER-2025-07,2025-07-15
24,lima,2025-08,100.6009,RJ-PLACEHOLDER-2025-08,2025-08-15
24,lima,2025-09,100.9027,RJ-PLACEHOLDER-2025-09,2025-09-15
24,lima,2025-10,101.2054,RJ-PLACEHOLDER-2025-10,2025-10-15
24,lima,2025-11,101.5090,RJ-PLACEHOLDER-2025-11,2025-11-15
24,lima,2025-12,101.8136,RJ-PLACEHOLDER-2025-12,2025-12-15
24,lima,2026-01,102.1190,RJ-PLACEHOLDER-2026-01,2026-01-15
24,lima,2026-02,102.4254,RJ-PLACEHOLDER-2026-02,2026-02-15
24,lima,2026-03,102.7326,RJ-PLACEHOLDER-2026-03,2026-03-15
24,lima,2026-04,103.0408,RJ-PLACEHOLDER-2026-04,2026-04-15
30,lima,2025-06,100.0000,RJ-PLACEHOLDER-2025-06,2025-06-15
30,lima,2025-07,100.2500,RJ-PLACEHOLDER-2025-07,2025-07-15
30,lima,2025-08,100.5006,RJ-PLACEHOLDER-2025-08,2025-08-15
30,lima,2025-09,100.7519,RJ-PLACEHOLDER-2025-09,2025-09-15
30,lima,2025-10,101.0038,RJ-PLACEHOLDER-2025-10,2025-10-15
30,lima,2025-11,101.2563,RJ-PLACEHOLDER-2025-11,2025-11-15
30,lima,2025-12,101.5094,RJ-PLACEHOLDER-2025-12,2025-12-15
30,lima,2026-01,101.7632,RJ-PLACEHOLDER-2026-01,2026-01-15
30,lima,2026-02,102.0176,RJ-PLACEHOLDER-2026-02,2026-02-15
30,lima,2026-03,102.2726,RJ-PLACEHOLDER-2026-03,2026-03-15
30,lima,2026-04,102.5283,RJ-PLACEHOLDER-2026-04,2026-04-15
32,lima,2025-06,100.0000,RJ-PLACEHOLDER-2025-06,2025-06-15
32,lima,2025-07,100.5000,RJ-PLACEHOLDER-2025-07,2025-07-15
32,lima,2025-08,101.0025,RJ-PLACEHOLDER-2025-08,2025-08-15
32,lima,2025-09,101.5075,RJ-PLACEHOLDER-2025-09,2025-09-15
32,lima,2025-10,102.0151,RJ-PLACEHOLDER-2025-10,2025-10-15
32,lima,2025-11,102.5251,RJ-PLACEHOLDER-2025-11,2025-11-15
32,lima,2025-12,103.0378,RJ-PLACEHOLDER-2025-12,2025-12-15
32,lima,2026-01,103.5529,RJ-PLACEHOLDER-2026-01,2026-01-15
32,lima,2026-02,104.0707,RJ-PLACEHOLDER-2026-02,2026-02-15
32,lima,2026-03,104.5911,RJ-PLACEHOLDER-2026-03,2026-03-15
32,lima,2026-04,105.1140,RJ-PLACEHOLDER-2026-04,2026-04-15
39,lima,2025-06,100.0000,RJ-PLACEHOLDER-2025-06,2025-06-15
39,lima,2025-07,100.4000,RJ-PLACEHOLDER-2025-07,2025-07-15
39,lima,2025-08,100.8016,RJ-PLACEHOLDER-2025-08,2025-08-15
39,lima,2025-09,101.2048,RJ-PLACEHOLDER-2025-09,2025-09-15
39,lima,2025-10,101.6096,RJ-PLACEHOLDER-2025-10,2025-10-15
39,lima,2025-11,102.0161,RJ-PLACEHOLDER-2025-11,2025-11-15
39,lima,2025-12,102.4241,RJ-PLACEHOLDER-2025-12,2025-12-15
39,lima,2026-01,102.8338,RJ-PLACEHOLDER-2026-01,2026-01-15
39,lima,2026-02,103.2452,RJ-PLACEHOLDER-2026-02,2026-02-15
39,lima,2026-03,103.6581,RJ-PLACEHOLDER-2026-03,2026-03-15
39,lima,2026-04,104.0728,RJ-PLACEHOLDER-2026-04,2026-04-15
43,lima,2025-06,100.0000,RJ-PLACEHOLDER-2025-06,2025-06-15
43,lima,2025-07,100.5500,RJ-PLACEHOLDER-2025-07,2025-07-15
43,lima,2025-08,101.1030,RJ-PLACEHOLDER-2025-08,2025-08-15
43,lima,2025-09,101.6591,RJ-PLACEHOLDER-2025-09,2025-09-15
43,lima,2025-10,102.2182,RJ-PLACEHOLDER-2025-10,2025-10-15
43,lima,2025-11,102.7804,RJ-PLACEHOLDER-2025-11,2025-11-15
43,lima,2025-12,103.3457,RJ-PLACEHOLDER-2025-12,2025-12-15
43,lima,2026-01,103.9141,RJ-PLACEHOLDER-2026-01,2026-01-15
43,lima,2026-02,104.4856,RJ-PLACEHOLDER-2026-02,2026-02-15
43,lima,2026-03,105.0603,RJ-PLACEHOLDER-2026-03,2026-03-15
43,lima,2026-04,105.6381,RJ-PLACEHOLDER-2026-04,2026-04-15
44,lima,2025-06,100.0000,RJ-PLACEHOLDER-2025-06,2025-06-15
44,lima,2025-07,100.5000,RJ-PLACEHOLDER-2025-07,2025-07-15
44,lima,2025-08,101.0025,RJ-PLACEHOLDER-2025-08,2025-08-15
44,lima,2025-09,101.5075,RJ-PLACEHOLDER-2025-09,2025-09-15
44,lima,2025-10,102.0151,RJ-PLACEHOLDER-2025-10,2025-10-15
44,lima,2025-11,102.5251,RJ-PLACEHOLDER-2025-11,2025-11-15
44,lima,2025-12,103.0378,RJ-PLACEHOLDER-2025-12,2025-12-15
44,lima,2026-01,103.5529,RJ-PLACEHOLDER-2026-01,2026-01-15
44,lima,2026-02,104.0707,RJ-PLACEHOLDER-2026-02,2026-02-15
44,lima,2026-03,104.5911,RJ-PLACEHOLDER-2026-03,2026-03-15
44,lima,2026-04,105.1140,RJ-PLACEHOLDER-2026-04,2026-04-15
47,lima,2025-06,100.0000,RJ-PLACEHOLDER-2025-06,2025-06-15
47,lima,2025-07,100.5000,RJ-PLACEHOLDER-2025-07,2025-07-15
47,lima,2025-08,101.0025,RJ-PLACEHOLDER-2025-08,2025-08-15
47,lima,2025-09,101.5075,RJ-PLACEHOLDER-2025-09,2025-09-15
47,lima,2025-10,102.0151,RJ-PLACEHOLDER-2025-10,2025-10-15
47,lima,2025-11,102.5251,RJ-PLACEHOLDER-2025-11,2025-11-15
47,lima,2025-12,103.0378,RJ-PLACEHOLDER-2025-12,2025-12-15
47,lima,2026-01,103.5529,RJ-PLACEHOLDER-2026-01,2026-01-15
47,lima,2026-02,104.0707,RJ-PLACEHOLDER-2026-02,2026-02-15
47,lima,2026-03,104.5911,RJ-PLACEHOLDER-2026-03,2026-03-15
47,lima,2026-04,105.1140,RJ-PLACEHOLDER-2026-04,2026-04-15
48,lima,2025-06,100.0000,RJ-PLACEHOLDER-2025-06,2025-06-15
48,lima,2025-07,100.3000,RJ-PLACEHOLDER-2025-07,2025-07-15
48,lima,2025-08,100.6009,RJ-PLACEHOLDER-2025-08,2025-08-15
48,lima,2025-09,100.9027,RJ-PLACEHOLDER-2025-09,2025-09-15
48,lima,2025-10,101.2054,RJ-PLACEHOLDER-2025-10,2025-10-15
48,lima,2025-11,101.5090,RJ-PLACEHOLDER-2025-11,2025-11-15
48,lima,2025-12,101.8136,RJ-PLACEHOLDER-2025-12,2025-12-15
48,lima,2026-01,102.1190,RJ-PLACEHOLDER-2026-01,2026-01-15
48,lima,2026-02,102.4254,RJ-PLACEHOLDER-2026-02,2026-02-15
48,lima,2026-03,102.7326,RJ-PLACEHOLDER-2026-03,2026-03-15
48,lima,2026-04,103.0408,RJ-PLACEHOLDER-2026-04,2026-04-15
72,lima,2025-06,100.0000,RJ-PLACEHOLDER-2025-06,2025-06-15
72,lima,2025-07,100.3500,RJ-PLACEHOLDER-2025-07,2025-07-15
72,lima,2025-08,100.7012,RJ-PLACEHOLDER-2025-08,2025-08-15
72,lima,2025-09,101.0537,RJ-PLACEHOLDER-2025-09,2025-09-15
72,lima,2025-10,101.4074,RJ-PLACEHOLDER-2025-10,2025-10-15
72,lima,2025-11,101.7623,RJ-PLACEHOLDER-2025-11,2025-11-15
72,lima,2025-12,102.1185,RJ-PLACEHOLDER-2025-12,2025-12-15
72,lima,2026-01,102.4759,RJ-PLACEHOLDER-2026-01,2026-01-15
72,lima,2026-02,102.8345,RJ-PLACEHOLDER-2026-02,2026-02-15
72,lima,2026-03,103.1945,RJ-PLACEHOLDER-2026-03,2026-03-15
72,lima,2026-04,103.5556,RJ-PLACEHOLDER-2026-04,2026-04-15
79,lima,2025-06,100.0000,RJ-PLACEHOLDER-2025-06,2025-06-15
79,lima,2025-07,100.3500,RJ-PLACEHOLDER-2025-07,2025-07-15
79,lima,2025-08,100.7012,RJ-PLACEHOLDER-2025-08,2025-08-15
79,lima,2025-09,101.0537,RJ-PLACEHOLDER-2025-09,2025-09-15
79,lima,2025-10,101.4074,RJ-PLACEHOLDER-2025-10,2025-10-15
79,lima,2025-11,101.7623,RJ-PLACEHOLDER-2025-11,2025-11-15
79,lima,2025-12,102.1185,RJ-PLACEHOLDER-2025-12,2025-12-15
79,lima,2026-01,102.4759,RJ-PLACEHOLDER-2026-01,2026-01-15
79,lima,2026-02,102.8345,RJ-PLACEHOLDER-2026-02,2026-02-15
79,lima,2026-03,103.1945,RJ-PLACEHOLDER-2026-03,2026-03-15
79,lima,2026-04,103.5556,RJ-PLACEHOLDER-2026-04,2026-04-15
